{"Loss/total_loss TRAIN": 7.165499657392502, "Loss/mel_loss TRAIN": 1.543169617652893, "Loss/pitch_loss TRAIN": 2.760047674179077, "_step": 1002, "Loss/mel_postnet_loss TRAIN": 0.9676174521446228, "_runtime": 1463.6396231651306, "Loss/duration_loss TRAIN": 0.31714487075805664, "Loss/energy_loss TRAIN": 1.3493403196334839, "_timestamp": 1616100891.7126124, "Spec TRAIN": {"_type": "image-file", "path": "media/images/Spec TRAIN_1000_374dcc0b.png", "sha256": "374dcc0bb5e7125c532f4558e059dba583b8478c6f78dd3a0090011fd3d66a3d", "size": 175818, "format": "png", "width": 640, "height": 480}, "Audio TRAIN": {"_type": "audio", "count": 1, "audio": [{"_type": "audio-file", "path": "media/audio/Audio TRAIN_1002_14fa6af7.wav", "sha256": "14fa6af7e748ab46ffbb167fd1b42555ca6304057350650aa81cc8fb7df19514", "size": 140332, "sample_rate": 22050, "caption": null}], "sampleRates": [22050], "durations": [3.1811337868480725]}}
