{"pitch": [-7.016496333880942, 9.535745656686476, -0.03811425926007669, 0.9034625186368779], "energy": [-1.4277896881103516, 6.057352542877197, 58.567213377773356, 41.96484938662417]}