{"_step": 1002, "Loss/total_loss TRAIN": 7.803679183125496, "Loss/duration_loss TRAIN": 0.3844057619571686, "_timestamp": 1616016138.090114, "Loss/mel_postnet_loss TRAIN": 1.0406216382980347, "Loss/pitch_loss TRAIN": 3.3681905269622803, "Loss/energy_loss TRAIN": 0.9071629643440247, "Loss/mel_loss TRAIN": 1.8913047313690186, "_runtime": 1519.0752413272858, "Spec TRAIN": {"_type": "image-file", "path": "media/images/Spec TRAIN_1000_08d55d18.png", "sha256": "08d55d18f4ae6017febe88e04e35095081276f2442fa04effe89287973097120", "size": 187531, "format": "png", "width": 640, "height": 480}, "Audio TRAIN": {"_type": "audio", "count": 1, "audio": [{"_type": "audio-file", "path": "media/audio/Audio TRAIN_1002_0155aeeb.wav", "sha256": "0155aeeb206202be333139bbadb09023bd0d73211d30e5e92f2af13a7674fe96", "size": 158764, "sample_rate": 22050, "caption": null}], "sampleRates": [22050], "durations": [3.599092970521542]}}
