{"_runtime": 1157.9825303554535, "_timestamp": 1615985136.875812, "Loss/mel_postnet_loss TRAIN": 1.1375846862792969, "_step": 1002, "Loss/energy_loss TRAIN": 0.9515421986579895, "Loss/total_loss TRAIN": 8.270658791065216, "Loss/mel_loss TRAIN": 2.247511148452759, "Loss/duration_loss TRAIN": 0.4225173890590668, "Loss/pitch_loss TRAIN": 3.2452521324157715, "Spec TRAIN": {"_type": "image-file", "path": "media/images/Spec TRAIN_1000_22849cfd.png", "sha256": "22849cfd24959a6a2dfc1bb97db41c75ed097ca77d5dc549bb00ee4193e54aa3", "size": 120862, "format": "png", "width": 640, "height": 480}, "Audio TRAIN": {"_type": "audio", "count": 1, "audio": [{"_type": "audio-file", "path": "media/audio/Audio TRAIN_1002_4834c643.wav", "sha256": "4834c643957dfc6791ab362a8e4697bc146756fc9818ae1855fefb9969fe2e6a", "size": 99884, "sample_rate": 22050, "caption": null}], "sampleRates": [22050], "durations": [2.2639455782312927]}}
