{"Loss/pitch_loss TRAIN": 3.1371335983276367, "Loss/total_loss TRAIN": 7.622412025928497, "_step": 1002, "Loss/duration_loss TRAIN": 0.44361820816993713, "_timestamp": 1616018219.2358282, "_runtime": 1104.0300471782684, "Loss/mel_postnet_loss TRAIN": 1.0653504133224487, "Loss/energy_loss TRAIN": 0.7910355925559998, "Loss/mel_loss TRAIN": 1.9952239990234375, "Spec TRAIN": {"_type": "image-file", "path": "media/images/Spec TRAIN_1000_1f8477d2.png", "sha256": "1f8477d2cf9ad4f6001625fd4f1db977823a6f496ca558865c9e86f77db0dc13", "size": 191023, "format": "png", "width": 640, "height": 480}, "Audio TRAIN": {"_type": "audio", "count": 1, "audio": [{"_type": "audio-file", "path": "media/audio/Audio TRAIN_1002_319bc4c3.wav", "sha256": "319bc4c3917c4562457d0e296e2c6d6f38cefd4f9c9c060bc3bdccbf7dc9cd86", "size": 165420, "sample_rate": 22050, "caption": null}], "sampleRates": [22050], "durations": [3.7500226757369615]}}
