{"Loss/duration_loss TRAIN": 0.20625720918178558, "_runtime": 502.641802072525, "_timestamp": 1615889642.0887625, "Loss/pitch_loss TRAIN": 1.1416265964508057, "Loss/mel_postnet_loss TRAIN": 1.110344409942627, "Loss/energy_loss TRAIN": 0.31976503133773804, "Loss/mel_loss TRAIN": 0.9167014956474304, "_step": 1002, "Loss/total_loss TRAIN": 3.694694757461548, "Spec TRAIN": {"_type": "image-file", "path": "media/images/Spec TRAIN_1000_f012ad69.png", "sha256": "f012ad6938b20dd5543a37c69fe45bdb846ee2a632c3c15d93e1bbca05947995", "size": 207684, "format": "png", "width": 640, "height": 480}, "Audio TRAIN": {"_type": "audio", "count": 1, "audio": [{"_type": "audio-file", "path": "media/audio/Audio TRAIN_1002_de5ec207.wav", "sha256": "de5ec2077177fb407a094bec57a45ccb65851a53addb8de305c0784f5d9d6aec", "size": 189996, "sample_rate": 22050, "caption": null}], "sampleRates": [22050], "durations": [4.307301587301588]}}
