{"Loss/energy_loss TRAIN": 0.4189259707927704, "Loss/mel_postnet_loss TRAIN": 0.994109034538269, "_runtime": 582.1547882556915, "_timestamp": 1615842096.2177901, "_step": 1002, "Loss/duration_loss TRAIN": 0.19892339408397675, "Loss/pitch_loss TRAIN": 1.0228674411773682, "Loss/total_loss TRAIN": 3.5438523292541504, "Loss/mel_loss TRAIN": 0.9090264439582825, "Spec TRAIN": {"_type": "image-file", "path": "media/images/Spec TRAIN_1000_179f488a.png", "sha256": "179f488afea17cea33b7b89026782f736dd45c697878bdde49ed97e2a7eda9f8", "size": 145794, "format": "png", "width": 640, "height": 480}, "Audio TRAIN": {"_type": "audio", "count": 1, "audio": [{"_type": "audio-file", "path": "media/audio/Audio TRAIN_1002_4878d1bc.wav", "sha256": "4878d1bc069eeb55eb05245648f59b23d961c3ef5c48dce284ef1acf3b048e4f", "size": 129580, "sample_rate": 22050, "caption": null}], "sampleRates": [22050], "durations": [2.9373242630385485]}}
